Airlines, Media de atrasos
AS,0.000000
B6,0.000000
MQ,0.000000
UA,0.000000
YV,0.000000
EV,0.125000
DL,0.166667
OO,0.166667
OH,0.250000
US,0.266667
XE,0.300000
CO,0.333333
HA,0.333333
9E,0.400000
AA,0.444444