Airlines, Media de atrasos
YV,0.242914
OH,0.277276
FL,0.301292
HA,0.320186
UA,0.323907
US,0.335971
AS,0.339290
MQ,0.348095
XE,0.378944
AA,0.388470
9E,0.397631
EV,0.402208
F9,0.449040
DL,0.450476
OO,0.452899
B6,0.467038
CO,0.566199
WN,0.697759